word,phonetic,meaning,part_of_speech,example_sentence,example_translation
abandon,/əˈbændən/,放弃,v.,He abandoned the plan.,他放弃了这个计划。
ability,/əˈbɪləti/,能力,n.,She has the ability to solve problems.,她有解决问题的能力。
accurate,/ˈækjərət/,准确的,adj.,The report is accurate.,这份报告是准确的。
achieve,/əˈtʃiːv/,实现,v.,She achieved her dream.,她实现了梦想。
acquire,/əˈkwaɪə(r)/,获得,v.,He acquired new skills.,他获得了新技能。
adapt,/əˈdæpt/,适应,v.,We must adapt to changes.,我们必须适应变化。
adequate,/ˈædɪkwət/,足够的,adj.,The food is adequate.,食物足够了。
adjust,/əˈdʒʌst/,调整,v.,Please adjust your seat.,请调整座位。
admire,/ədˈmaɪə(r)/,钦佩,v.,I admire your courage.,我钦佩你的勇气。
admit,/ədˈmɪt/,承认,v.,He admitted his mistake.,他承认了错误。
advise,/ədˈvaɪz/,建议,v.,I advise you to study hard.,我建议你努力学习。
affect,/əˈfekt/,影响,v.,Weather affects our mood.,天气影响心情。
afford,/əˈfɔːd/,负担得起,v.,I can afford this car.,我买得起这辆车。
agree,/əˈɡriː/,同意,v.,We all agree with you.,我们都同意你。
allow,/əˈlaʊ/,允许,v.,They allow smoking here.,他们允许在这里吸烟。
amaze,/əˈmeɪz/,使惊讶,v.,The result amazed us.,结果让我们惊讶。
analyse,/ˈænəlaɪz/,分析,v.,Let’s analyse the data.,我们来分析数据。
announce,/əˈnaʊns/,宣布,v.,They announced the winner.,他们宣布了获胜者。
apologize,/əˈpɒlədʒaɪz/,道歉,v.,He apologized to her.,他向她道歉。
appear,/əˈpɪə(r)/,出现,v.,A star appeared in the sky.,天空中出现了一颗星星。
apply,/əˈplaɪ/,申请,v.,She applied for a job.,她申请了一份工作。
appreciate,/əˈpriːʃieɪt/,感激,v.,I appreciate your help.,我感激你的帮助。
approach,/əˈprəʊtʃ/,接近,v.,Don’t approach the dog.,不要靠近这只狗。
approve,/əˈpruːv/,赞成,v.,My parents approve of me.,我父母赞成我。
argue,/ˈɑːɡjuː/,争论,v.,They argued for hours.,他们争论了几个小时。
arrange,/əˈreɪndʒ/,安排,v.,I arranged a meeting.,我安排了一场会议。
arrive,/əˈraɪv/,到达,v.,We arrived at noon.,我们中午到达。
assist,/əˈsɪst/,帮助,v.,Can you assist me?,你能帮我吗？
assume,/əˈsjuːm/,假定,v.,I assume you are right.,我假定你是对的。
attach,/əˈtætʃ/,附上,v.,Attach a photo to the email.,在邮件里附上一张照片。
attack,/əˈtæk/,攻击,v.,The enemy attacked us.,敌人攻击了我们。
attempt,/əˈtempt/,尝试,v.,He attempted to climb.,他尝试攀爬。
attend,/əˈtend/,参加,v.,She attended the party.,她参加了派对。
attract,/əˈtrækt/,吸引,v.,The movie attracts many people.,这部电影吸引了很多人。
avoid,/əˈvɔɪd/,避免,v.,Avoid eating too much.,避免吃太多。
awake,/əˈweɪk/,醒着的,adj.,I was awake all night.,我整晚醒着。
balance,/ˈbæləns/,平衡,n.,Keep your balance.,保持平衡。
bargain,/ˈbɑːɡən/,讨价还价,v.,We bargained for a low price.,我们砍价到低价。
basic,/ˈbeɪsɪk/,基本的,adj.,This is basic knowledge.,这是基本知识。
battle,/ˈbætl/,战斗,n.,They won the battle.,他们赢得了战斗。
bear,/beə(r)/,忍受,v.,I can’t bear the noise.,我受不了噪音。
beat,/biːt/,打败,v.,We beat the team.,我们打败了这支队伍。
begin,/bɪˈɡɪn/,开始,v.,Let’s begin our class.,我们开始上课。
behave,/bɪˈheɪv/,表现,v.,He behaves well.,他表现很好。
believe,/bɪˈliːv/,相信,v.,I believe in you.,我相信你。
belong,/bɪˈlɒŋ/,属于,v.,This book belongs to me.,这本书属于我。
benefit,/ˈbenɪfɪt/,受益,v.,We benefit from exercise.,我们从运动中受益。
bet,/bet/,打赌,v.,I bet you are wrong.,我打赌你错了。
blame,/bleɪm/,责备,v.,Don’t blame him.,不要责备他。
bleed,/bliːd/,流血,v.,His finger is bleeding.,他的手指在流血。
break,/breɪk/,打破,v.,He broke the window.,他打破了窗户。
breath,/breθ/,呼吸,n.,Take a deep breath.,深呼吸。
breathe,/briːð/,呼吸,v.,We breathe air.,我们呼吸空气。
bring,/brɪŋ/,带来,v.,Bring me a cup of water.,给我带一杯水。
build,/bɪld/,建造,v.,They built a house.,他们建了一栋房子。
burn,/bɜːn/,燃烧,v.,The fire burned all night.,火燃烧了一整晚。
burst,/bɜːst/,爆发,v.,The balloon burst.,气球爆了。
buy,/baɪ/,购买,v.,I bought a new phone.,我买了一部新手机。
calm,/kɑːm/,冷静的,adj.,Stay calm in danger.,危险中保持冷静。
cancel,/ˈkænsl/,取消,v.,They cancelled the trip.,他们取消了旅行。
care,/keə(r)/,关心,v.,I care about you.,我关心你。
carry,/ˈkæri/,携带,v.,Carry your bag.,带上你的包。
catch,/kætʃ/,抓住,v.,Catch the ball.,接住球。
cause,/kɔːz/,导致,v.,Smoking causes illness.,吸烟导致疾病。
celebrate,/ˈselɪbreɪt/,庆祝,v.,We celebrate his birthday.,我们庆祝他的生日。
change,/tʃeɪndʒ/,改变,v.,Everything has changed.,一切都变了。
charge,/tʃɑːdʒ/,收费,v.,They charge 10 yuan.,他们收费10元。
check,/tʃek/,检查,v.,Check your homework.,检查你的作业。
choose,/tʃuːz/,选择,v.,Choose a good book.,选一本好书。
clean,/kliːn/,清洁,v.,Clean your room.,打扫你的房间。
clear,/klɪə(r)/,清楚的,adj.,The sky is clear.,天空很晴朗。
climb,/klaɪm/,爬,v.,Climb the mountain.,爬山。
close,/kləʊz/,关闭,v.,Close the door.,关门。
collect,/kəˈlekt/,收集,v.,He collects stamps.,他集邮。
combine,/kəmˈbaɪn/,结合,v.,Combine work and rest.,劳逸结合。
come,/kʌm/,来,v.,Come here quickly.,快过来。
comfort,/ˈkʌmfət/,安慰,v.,I comforted her.,我安慰了她。
commit,/kəˈmɪt/,承诺,v.,He committed to help.,他承诺帮忙。
compare,/kəmˈpeə(r)/,比较,v.,Compare the two pictures.,比较这两张图。
compete,/kəmˈpiːt/,竞争,v.,They compete for prizes.,他们争夺奖品。
complain,/kəmˈpleɪn/,抱怨,v.,Don’t complain too much.,不要抱怨太多。
complete,/kəmˈpliːt/,完成,v.,I completed the task.,我完成了任务。
concern,/kənˈsɜːn/,关心,v.,It concerns all of us.,这关系到我们所有人。
confirm,/kənˈfɜːm/,确认,v.,Please confirm your email.,请确认你的邮件。
connect,/kəˈnekt/,连接,v.,Connect the computer to WiFi.,把电脑连WiFi。
consider,/kənˈsɪdə(r)/,考虑,v.,Consider my suggestion.,考虑我的建议。
contact,/ˈkɒntækt/,联系,v.,Contact me anytime.,随时联系我。
contain,/kənˈteɪn/,包含,v.,The box contains toys.,盒子里装着玩具。
continue,/kənˈtɪnjuː/,继续,v.,Continue your work.,继续你的工作。
control,/kənˈtrəʊl/,控制,v.,Control your temper.,控制你的脾气。
convince,/kənˈvɪns/,说服,v.,I convinced him to go.,我说服他去了。
cook,/kʊk/,烹饪,v.,She cooks delicious food.,她做的饭很好吃。
copy,/ˈkɒpi/,复制,v.,Copy the text.,复制这段文字。
correct,/kəˈrekt/,正确的,adj.,Your answer is correct.,你的答案是对的。
cost,/kɒst/,花费,v.,The pen costs 5 yuan.,这支笔5元。
count,/kaʊnt/,数数,v.,Count from one to ten.,从一数到十。
cover,/ˈkʌvə(r)/,覆盖,v.,Snow covers the ground.,雪覆盖了地面。
create,/kriˈeɪt/,创造,v.,He created a new game.,他创造了一个新游戏。
cross,/krɒs/,穿过,v.,Cross the street carefully.,小心过马路。
cry,/kraɪ/,哭,v.,The baby is crying.,宝宝在哭。